frequency,raw
20,5.60
20.4,5.61
20.8,5.63
21.2,5.65
21.7,5.67
22.1,5.69
22.5,5.70
23.0,5.72
23.4,5.73
23.9,5.74
24.4,5.75
24.9,5.76
25.4,5.77
25.9,5.77
26.4,5.77
26.9,5.77
27.5,5.77
28,5.77
28.6,5.76
29.1,5.75
29.7,5.74
30.3,5.72
30.9,5.71
31.5,5.69
32.2,5.67
32.8,5.65
33.5,5.63
34.1,5.60
34.8,5.57
35.5,5.54
36.2,5.51
36.9,5.48
37.7,5.44
38.4,5.40
39.2,5.36
40,5.32
40.8,5.28
41.6,5.23
42.4,5.19
43.3,5.14
44.2,5.09
45.0,5.04
45.9,4.98
46.9,4.93
47.8,4.87
48.8,4.80
49.7,4.75
50.7,4.68
51.8,4.62
52.8,4.55
53.8,4.48
54.9,4.41
56,4.34
57.1,4.26
58.3,4.18
59.4,4.11
60.6,4.02
61.8,3.94
63.1,3.86
64.3,3.77
65.6,3.69
66.9,3.60
68.3,3.51
69.6,3.41
71,3.32
72.4,3.23
73.9,3.13
75.4,3.03
76.9,2.94
78.4,2.84
80,2.73
81.6,2.63
83.3,2.53
84.9,2.42
86.6,2.32
88.3,2.21
90.1,2.11
91.9,2.00
93.8,1.89
95.6,1.78
97.5,1.67
99.4,1.56
101.4,1.45
103.5,1.33
105.6,1.22
107.7,1.11
109.8,1.00
112,0.88
114.3,0.77
116.6,0.66
118.9,0.55
121.3,0.43
123.7,0.32
126.1,0.21
128.6,0.10
131.3,-0.01
133.9,-0.12
136.5,-0.22
139.3,-0.33
142,-0.43
144.9,-0.54
147.8,-0.64
150.8,-0.74
153.8,-0.84
156.9,-0.94
160,-1.04
163.1,-1.13
166.4,-1.22
169.8,-1.32
173.1,-1.40
176.6,-1.49
180.1,-1.58
183.8,-1.66
187.4,-1.74
191.1,-1.82
195,-1.89
198.9,-1.96
202.9,-2.03
207,-2.10
211.1,-2.17
215.3,-2.23
219.6,-2.29
224,-2.35
228.5,-2.40
233,-2.45
237.8,-2.50
242.5,-2.55
247.4,-2.59
252.3,-2.63
257.3,-2.67
262.5,-2.71
267.8,-2.74
273,-2.77
278.5,-2.80
284,-2.82
289.8,-2.84
295.5,-2.86
301.5,-2.87
307.5,-2.88
313.8,-2.89
320,-2.90
326.3,-2.92
332.8,-2.93
339.5,-2.94
346.3,-2.95
353.3,-2.96
360.3,-2.97
367.5,-2.97
374.8,-2.98
382.3,-2.99
390,-2.99
397.8,-2.99
405.8,-2.99
413.8,-2.99
422.3,-2.99
430.5,-2.99
439.3,-2.99
448,-2.99
457,-2.99
466,-2.98
475.5,-2.98
485,-2.98
494.5,-2.97
504.5,-2.97
514.5,-2.97
525,-2.96
535.5,-2.96
546,-2.95
557,-2.94
568,-2.94
579.5,-2.93
591,-2.92
603,-2.91
615,-2.90
627.5,-2.88
640,-2.87
652.5,-2.85
665.5,-2.84
679,-2.82
692.5,-2.79
706.5,-2.77
720.5,-2.74
735,-2.71
749.5,-2.67
764.5,-2.63
780,-2.59
795.5,-2.53
811.5,-2.47
827.5,-2.41
844,-2.33
861,-2.25
878.5,-2.16
896,-2.06
914,-1.95
932,-1.83
950.5,-1.71
970,-1.57
989,-1.43
1009,-1.28
1029,-1.13
1050,-0.97
1071,-0.81
1092,-0.65
1114,-0.49
1136,-0.33
1159,-0.17
1182,-0.02
1206,0.13
1230,0.27
1254,0.40
1280,0.53
1305,0.66
1331,0.78
1358,0.89
1385,1.00
1413,1.11
1441,1.22
1470,1.32
1499,1.43
1529,1.53
1560,1.64
1591,1.75
1623,1.86
1655,1.97
1688,2.09
1722,2.21
1757,2.34
1792,2.47
1828,2.61
1864,2.76
1901,2.91
1939,3.07
1978,3.23
2018,3.40
2058,3.58
2100,3.76
2142,3.94
2184,4.13
2228,4.33
2272,4.52
2318,4.71
2364,4.91
2412,5.09
2460,5.27
2508,5.43
2560,5.59
2610,5.72
2662,5.83
2716,5.92
2770,5.98
2826,6.02
2882,6.03
2940,6.00
2998,5.95
3058,5.88
3120,5.78
3182,5.65
3246,5.5
3310,5.32
3376,5.12
3444,4.88
3512,4.63
3584,4.36
3654,4.08
3728,3.81
3802,3.56
3878,3.33
3956,3.11
4036,2.90
4116,2.71
4200,2.51
4284,2.32
4368,2.15
4456,2.00
4544,1.87
4636,1.76
4728,1.68
4824,1.60
4920,1.52
5016,1.44
5116,1.34
5220,1.23
5324,1.10
5432,0.95
5540,0.78
5652,0.60
5764,0.40
5880,0.20
5996,0.01
6116,-0.16
6240,-0.30
6364,-0.39
6492,-0.42
6620,-0.38
6752,-0.30
6888,-0.19
7024,-0.12
7168,-0.13
7308,-0.22
7456,-0.39
7604,-0.62
7756,-0.88
7912,-1.16
8072,-1.43
8232,-1.67
8400,-1.85
8568,-1.98
8736,-2.09
8912,-2.21
9088,-2.39
9272,-2.62
9456,-2.89
9648,-3.19
9840,-3.49
10032,-3.78
10232,-4.03
10440,-4.27
10648,-4.53
10864,-4.79
11080,-5.05
11304,-5.32
11528,-5.59
11760,-5.86
11992,-6.14
12232,-6.43
12480,-6.72
12728,-7.02
12984,-7.32
13240,-7.62
13504,-7.93
13776,-8.25
14048,-8.56
14328,-8.89
14616,-9.22
14912,-9.55
15208,-9.88
15512,-10.23
15824,-10.58
16136,-10.92
16464,-11.28
16784,-11.64
17120,-12.01
17472,-12.38
17824,-12.75
18176,-13.13
18544,-13.52
18912,-13.91
19296,-14.30
19680,-14.70